<?xml version="1.0" encoding="UTF-8" standalone="yes"?>
<addon id="repository.rumcajz_repo" name="rumcajz_repo repository - mrRumcajz" version="1.0.0" provider-name="MrRumcajz">
	<extension point="xbmc.addon.repository" name="rumcajz_repo Kodi Add-on Repository">
		<info compressed="false">https://github.com/mrrumcajz/rumcajz_repo/blob/master/addons.xml</info>
		<checksum>https://github.com/mrrumcajz/rumcajz_repo/blob/master/addons.xml.md5</checksum>
		<datadir zip="true">https://github.com/mrrumcajz/rumcajz_repo/blob/master/</datadir>
	</extension>
	<extension point="xbmc.addon.metadata">
		<summary lang="en">Install Add-ons  from filmkodi.com</summary>
		<summary lang="pl">Zainstaluj wtyczki z filmkodi.com</summary>
		<description lang="en">Add-ons from filmkodi.com (mrknow.pl) repository.</description>
		<description lang="pl">Wtyczki z nieoficjalnego, repozytorium polskiego mrknow.pl..</description>
		<disclaimer lang="en">Repository has non-comercial nature. Created by enthusiasts, acting in good faith.</disclaimer>
		<disclaimer lang="pl">Zawartość repozytorium ma charakter niekomercyjny, wtyczki tworzone przez pasjonatów, .</disclaimer>
		<platform>all</platform>
	</extension>
</addon>